describe,evaluate,introduce,movie_name,serial_number,star
希望让人自由。,2038318人评价,"
导演:弗兰克·德拉邦特FrankDarabont   主演:蒂姆·罗宾斯TimRobbins/...
1994 / 美国 / 犯罪剧情
",肖申克的救赎,1,9.7
风华绝代。,1510535人评价,"
导演:陈凯歌KaigeChen   主演:张国荣LeslieCheung/张丰毅FengyiZha...
1993 / 中国大陆中国香港 / 剧情爱情同性
",霸王别姬,2,9.6
一部美国近现代史。,1542471人评价,"
导演:罗伯特·泽米吉斯RobertZemeckis   主演:汤姆·汉克斯TomHanks/...
1994 / 美国 / 剧情爱情
",阿甘正传,3,9.5
怪蜀黍和小萝莉不得不说的故事。,1734466人评价,"
导演:吕克·贝松LucBesson   主演:让·雷诺JeanReno/娜塔莉·波特曼...
1994 / 法国 / 剧情动作犯罪
",这个杀手不太冷,4,9.4
最美的谎言。,969188人评价,"
导演:罗伯托·贝尼尼RobertoBenigni   主演:罗伯托·贝尼尼RobertoBeni...
1997 / 意大利 / 剧情喜剧爱情战争
",美丽人生,5,9.5
失去的才是永恒的。 ,1493475人评价,"
导演:詹姆斯·卡梅隆JamesCameron   主演:莱昂纳多·迪卡普里奥Leonardo...
1997 / 美国 / 剧情爱情灾难
",泰坦尼克号,6,9.4
最好的宫崎骏，最好的久石让。 ,1598346人评价,"
导演:宫崎骏HayaoMiyazaki   主演:柊瑠美RumiHîragi/入野自由Miy...
2001 / 日本 / 剧情动画奇幻
",千与千寻,7,9.4
拯救一个人，就是拯救整个世界。,786135人评价,"
导演:史蒂文·斯皮尔伯格StevenSpielberg   主演:连姆·尼森LiamNeeson...
1993 / 美国 / 剧情历史战争
",辛德勒的名单,8,9.5
诺兰给了我们一场无法盗取的梦。,1474863人评价,"
导演:克里斯托弗·诺兰ChristopherNolan   主演:莱昂纳多·迪卡普里奥Le...
2010 / 美国英国 / 剧情科幻悬疑冒险
",盗梦空间,9,9.3
永远都不能忘记你所爱的人。,1024620人评价,"
导演:莱塞·霍尔斯道姆LasseHallström   主演:理查·基尔RichardGer...
2009 / 美国英国 / 剧情
",忠犬八公的故事,10,9.4
每个人都要走一条自己坚定了的路，就算是粉身碎骨。 ,1229536人评价,"
导演:朱塞佩·托纳多雷GiuseppeTornatore   主演:蒂姆·罗斯TimRoth/...
1998 / 意大利 / 剧情音乐
",海上钢琴师,11,9.3
如果再也不能见到你，祝你早安，午安，晚安。,1098870人评价,"
导演:彼得·威尔PeterWeir   主演:金·凯瑞JimCarrey/劳拉·琳妮Lau...
1998 / 美国 / 剧情科幻
",楚门的世界,12,9.3
英俊版憨豆，高情商版谢耳朵。,1367292人评价,"
导演:拉库马·希拉尼RajkumarHirani   主演:阿米尔·汗AamirKhan/卡...
2009 / 印度 / 剧情喜剧爱情歌舞
",三傻大闹宝莱坞,13,9.2
小瓦力，大人生。,971430人评价,"
导演:安德鲁·斯坦顿AndrewStanton   主演:本·贝尔特BenBurtt/艾丽...
2008 / 美国 / 科幻动画冒险
",机器人总动员,14,9.3
天籁一般的童声，是最接近上帝的存在。 ,951361人评价,"
导演:克里斯托夫·巴拉蒂ChristopheBarratier   主演:热拉尔·朱尼奥Gé...
2004 / 法国瑞士德国 / 剧情音乐
",放牛班的春天,15,9.3
爱是一种力量，让我们超越时空感知它的存在。,1101524人评价,"
导演:克里斯托弗·诺兰ChristopherNolan   主演:马修·麦康纳MatthewMc...
2014 / 美国英国加拿大冰岛 / 剧情科幻冒险
",星际穿越,16,9.3
一生所爱。,1079628人评价,"
导演:刘镇伟JeffreyLau   主演:周星驰StephenChow/吴孟达ManTatNg...
1995 / 中国香港中国大陆 / 喜剧爱情奇幻古装
",大话西游之大圣娶亲,17,9.2
我们一路奋战不是为了改变世界，而是为了不让世界改变我们。,665270人评价,"
导演:黄东赫Dong-hyukHwang   主演:孔侑YooGong/郑有美Yu-miJung/...
2011 / 韩国 / 剧情
",熔炉,18,9.3
迪士尼给我们营造的乌托邦就是这样，永远善良勇敢，永远出乎意料。,1289100人评价,"
导演:拜伦·霍华德ByronHoward/瑞奇·摩尔RichMoore   主演:金妮弗·...
2016 / 美国 / 喜剧动画冒险
",疯狂动物城,19,9.2
香港电影史上永不过时的杰作。,880088人评价,"
导演:刘伟强/麦兆辉   主演:刘德华/梁朝伟/黄秋生
2002 / 中国香港 / 剧情犯罪悬疑
",无间道,20,9.2
人人心中都有个龙猫，童年就永远不会消失。,914319人评价,"
导演:宫崎骏HayaoMiyazaki   主演:日高法子NorikoHidaka/坂本千夏Ch...
1988 / 日本 / 动画奇幻冒险
",龙猫,21,9.2
千万不要记恨你的对手，这样会让你失去理智。,668229人评价,"
导演:弗朗西斯·福特·科波拉FrancisFordCoppola   主演:马龙·白兰度M...
1972 / 美国 / 剧情犯罪
",教父,22,9.3
平民励志片。 ,1091977人评价,"
导演:加布里尔·穆奇诺GabrieleMuccino   主演:威尔·史密斯WillSmith...
2006 / 美国 / 剧情传记家庭
",当幸福来敲门,23,9.1
真正的幸福是来自内心深处。,1272728人评价,"
导演:罗伯·莱纳RobReiner   主演:玛德琳·卡罗尔MadelineCarroll/卡...
2010 / 美国 / 剧情喜剧爱情
",怦然心动,24,9.1
满满温情的高雅喜剧。,714419人评价,"
导演:奥利维·那卡什OlivierNakache/艾力克·托兰达EricToledano   主...
2011 / 法国 / 剧情喜剧
",触不可及,25,9.2
无尽的黑暗。,735727人评价,"
导演:克里斯托弗·诺兰ChristopherNolan   主演:克里斯蒂安·贝尔Christ...
2008 / 美国英国 / 剧情动作科幻犯罪惊悚
",蝙蝠侠：黑暗骑士,26,9.2
比利·怀德满分作品。,286630人评价,"
导演:比利·怀尔德BillyWilder   主演:泰隆·鲍华TyronePower/玛琳·...
1957 / 美国 / 剧情犯罪悬疑
",控方证人,27,9.6
张艺谋最好的电影。,572073人评价,"
导演:张艺谋YimouZhang   主演:葛优YouGe/巩俐LiGong/姜武WuJiang
1994 / 中国大陆中国香港 / 剧情历史家庭
",活着,28,9.2
Tomorrow is another day.,489479人评价,"
导演:维克多·弗莱明VictorFleming/乔治·库克GeorgeCukor   主演:费...
1939 / 美国 / 剧情历史爱情战争
",乱世佳人,29,9.3
死亡不是真的逝去，遗忘才是永恒的消亡。,1075180人评价,"
导演:李·昂克里奇LeeUnkrich/阿德里安·莫利纳AdrianMolina   主演:...
2017 / 美国 / 喜剧动画奇幻音乐
",寻梦环游记,30,9.1
“不要跟我比惨，我比你更惨”再适合这部电影不过了。,518248人评价,"
导演:贝纳尔多·贝托鲁奇BernardoBertolucci   主演:尊龙JohnLone/陈...
1987 / 英国意大利中国大陆法国 / 剧情传记历史
",末代皇帝,31,9.2
你不是在为你一个人战斗，你要让千千万万的女性看到女生并不是只能相夫教子。,1119353人评价,"
导演:涅提·蒂瓦里NiteshTiwari   主演:阿米尔·汗AamirKhan/法缇玛...
2016 / 印度 / 剧情传记运动家庭
",摔跤吧！爸爸,32,9.0
史诗的终章。,541812人评价,"
导演:彼得·杰克逊PeterJackson   主演:伊利亚·伍德ElijahWood/西恩...
2003 / 美国新西兰 / 剧情动作奇幻冒险
",指环王3：王者无敌,33,9.2
凝视卑弱生命，用电影改变命运。,658099人评价,"
导演:娜丁·拉巴基NadineLabaki   主演:扎因·拉费阿Zainal-Rafeea/...
2018 / 黎巴嫩法国美国 / 剧情
",何以为家,34,9.1
瑰丽壮观、无人能及的冒险之旅。,1028237人评价,"
导演:李安AngLee   主演:苏拉·沙玛SurajSharma/伊尔凡·可汗Irrfan...
2012 / 美国中国台湾英国加拿大 / 剧情奇幻冒险
",少年派的奇幻漂流,35,9.1
最后那些最无聊的事情，才是最值得怀念的。 ,959882人评价,"
导演:彼特·道格特PeteDocter/鲍勃·彼德森BobPeterson   主演:爱德...
2009 / 美国 / 剧情喜剧动画冒险
",飞屋环游记,36,9.0
1957年的理想主义。 ,326003人评价,"
导演:SidneyLumet   主演:亨利·方达HenryFonda/马丁·鲍尔萨姆Marti...
1957 / 美国 / 剧情
",十二怒汉,37,9.4
对敌人的仁慈，就是对自己残忍。,442422人评价,"
导演:姜文WenJiang   主演:姜文WenJiang/香川照之TeruyukiKagawa/...
2000 / 中国大陆 / 剧情喜剧
",鬼子来了,38,9.2
对天空的追逐，永不停止。 ,609229人评价,"
导演:宫崎骏HayaoMiyazaki   主演:田中真弓MayumiTanaka/横泽启子Ke...
1986 / 日本 / 动画奇幻冒险
",天空之城,39,9.1
受过伤害的人总是笑得最开心，因为他们不愿意让身边的人承受一样的痛苦。,445606人评价,"
导演:李濬益Jun-ikLee   主演:薛景求Kyung-guSol/严志媛Ji-wonUhm...
2013 / 韩国 / 剧情
",素媛,40,9.2
带着心爱的人在天空飞翔。,700860人评价,"
导演:宫崎骏HayaoMiyazaki   主演:倍赏千惠子ChiekoBaishô/木村拓...
2004 / 日本 / 动画奇幻冒险
",哈尔的移动城堡,41,9.1
旷古烁今。,864990人评价,"
导演:刘镇伟JeffreyLau   主演:周星驰StephenChow/吴孟达ManTatNg...
1995 / 中国香港中国大陆 / 喜剧爱情奇幻古装
",大话西游之月光宝盒,42,9.0
那些吻戏，那些青春，都在影院的黑暗里被泪水冲刷得无比清晰。,476491人评价,"
导演:朱塞佩·托纳多雷GiuseppeTornatore   主演:安东内拉·阿蒂利Anton...
1988 / 意大利法国 / 剧情爱情
",天堂电影院,43,9.2
爱情哪怕只有一天。,703610人评价,"
导演:威廉·惠勒WilliamWyler   主演:奥黛丽·赫本AudreyHepburn/格...
1953 / 美国 / 喜剧剧情爱情
",罗马假日,44,9.0
史上最美的探戈。,612027人评价,"
导演:马丁·布莱斯MartinBrest   主演:阿尔·帕西诺AlPacino/克里斯...
1992 / 美国 / 剧情
",闻香识女人,45,9.1
电影的现实意义大过电影本身。,438200人评价,"
导演:杨宇硕Woo-seokYang   主演:宋康昊Kang-hoSong/金英爱Yeong-ae...
2013 / 韩国 / 剧情
",辩护人,46,9.2
童话世界的开端。,667019人评价,"
导演:ChrisColumbus   主演:DanielRadcliffe/EmmaWatson/RupertGrint
2001 / 美国英国 / 奇幻冒险
",哈利·波特与魔法石,47,9.0
对我们国家而言，这样的电影多一部是一部。,1498771人评价,"
导演:文牧野MuyeWen   主演:徐峥ZhengXu/王传君ChuanjunWang/周...
2018 / 中国大陆 / 剧情喜剧
",我不是药神,48,9.0
邪恶与平庸蛰伏于同一个母体，在特定的时间互相对峙。,632518人评价,"
导演:大卫·芬奇DavidFincher   主演:爱德华·诺顿EdwardNorton/布拉...
1999 / 美国德国 / 剧情动作悬疑惊悚
",搏击俱乐部,49,9.0
当一个死水般的体制内出现一个活跃的变数时，所有的腐臭都站在了光明的对面。,500150人评价,"
导演:彼得·威尔PeterWeir   主演:罗宾·威廉姆斯RobinWilliams/罗伯...
1989 / 美国 / 剧情
",死亡诗社,50,9.1
优雅的孤独。,369694人评价,"
导演:弗朗西斯·福特·科波拉FrancisFordCoppola   主演:阿尔·帕西诺A...
1974 / 美国 / 剧情犯罪
",教父2,51,9.2
承前启后的史诗篇章。,494958人评价,"
导演:彼得·杰克逊PeterJackson   主演:伊利亚·伍德ElijahWood/西恩...
2002 / 美国新西兰 / 剧情动作奇幻冒险
",指环王2：双塔奇兵,52,9.1
动物版《哈姆雷特》。,574057人评价,"
导演:RogerAllers/罗伯·明可夫RobMinkoff   主演:乔纳森·泰勒·托马...
1994 / 美国 / 动画冒险歌舞
",狮子王,53,9.0
经典之作，历久弥新。,274407人评价,"
导演:万籁鸣LaimingWan/唐澄ChengTang   主演:邱岳峰YuefengQiu/...
1961(中国大陆)/1964(中国大陆)/1978(中国大陆)/2004(中国大陆) / 中国大陆 / 动画奇幻
",大闹天宫,54,9.3
别样人生。,411270人评价,"
导演:弗洛里安·亨克尔·冯·多纳斯马尔克FlorianHenckelvonDonnersmarck  &n...
2006 / 德国 / 剧情悬疑
",窃听风暴,55,9.1
传说的开始。,557051人评价,"
导演:彼得·杰克逊PeterJackson   主演:伊利亚·伍德ElijahWood/西恩...
2001 / 新西兰美国 / 剧情动作奇幻冒险
",指环王1：魔戒再现,56,9.0
骗子大师和执著警探的你追我跑故事。 ,572104人评价,"
导演:史蒂文·斯皮尔伯格StevenSpielberg   主演:莱昂纳多·迪卡普里奥L...
2002 / 美国加拿大 / 传记犯罪剧情
",猫鼠游戏,57,9.0
4个臭皮匠顶个诸葛亮，盖·里奇果然不是盖的。,439218人评价,"
导演:GuyRitchie   主演:JasonFlemyng/DexterFletcher/NickMoran
1998 / 英国 / 剧情喜剧犯罪
",两杆大烟枪,58,9.1
爱是一切逻辑和原由。,542363人评价,"
导演:朗·霍华德RonHoward   主演:罗素·克劳RussellCrowe/艾德·哈...
2001 / 美国 / 传记剧情
",美丽心灵,59,9.0
人生不能像做菜，把所有的料都准备好了才下锅。,405880人评价,"
导演:李安AngLee   主演:郎雄SihungLung/杨贵媚Kuei-MeiYang/吴...
1994 / 中国台湾美国 / 剧情家庭
",饮食男女,60,9.1
音乐能化解仇恨。,371173人评价,"
导演:罗曼·波兰斯基RomanPolanski   主演:艾德里安·布洛迪AdrienBrod...
2002 / 法国德国英国波兰 / 剧情传记历史战争音乐
",钢琴家,61,9.2
视觉革命。,557122人评价,"
导演:安迪·沃卓斯基AndyWachowski/拉娜·沃卓斯基LanaWachowski   主...
1999 / 美国澳大利亚 / 动作科幻
",黑客帝国,62,9.0
自由万岁。,431305人评价,"
导演:米洛斯·福尔曼MilošForman   主演:杰克·尼科尔森JackNichols...
1975 / 美国 / 剧情
",飞越疯人院,63,9.1
一张面具背后的理想与革命。,760583人评价,"
导演:詹姆斯·麦克特格JamesMcTeigue   主演:娜塔莉·波特曼NataliePor...
2005 / 美国英国德国 / 剧情动作科幻惊悚
",V字仇杀队,64,8.9
在时间之河里感受溺水之苦。,707919人评价,"
导演:大卫·芬奇DavidFincher   主演:凯特·布兰切特CateBlanchett/...
2008 / 美国 / 剧情爱情奇幻
",本杰明·巴顿奇事,65,8.9
你以为你以为的就是你以为的。,833952人评价,"
导演:奥里奥尔·保罗OriolPaulo   主演:马里奥·卡萨斯MarioCasas/阿...
2016 / 西班牙 / 剧情犯罪悬疑惊悚
",看不见的客人,66,8.8
你给我翻译翻译，神马叫做TMD的惊喜。,1152135人评价,"
导演:姜文WenJiang   主演:姜文WenJiang/葛优YouGe/周润发Yun-F...
2010 / 中国大陆中国香港 / 剧情喜剧动作西部
",让子弹飞,67,8.8
美丽无罪。,696418人评价,"
导演:朱塞佩·托纳多雷GiuseppeTornatore   主演:莫妮卡·贝鲁奇Monica...
2000 / 意大利美国 / 剧情战争情色
",西西里的美丽传说,68,8.9
奔跑的孩子是天使。,285756人评价,"
导演:马基德·马基迪MajidMajidi   主演:法拉赫阿米尔·哈什米安AmirFa...
1997 / 伊朗 / 剧情儿童家庭
",小鞋子,69,9.2
美利坚精神输出大片No1.,458339人评价,"
导演:史蒂文·斯皮尔伯格StevenSpielberg   主演:汤姆·汉克斯TomHanks...
1998 / 美国 / 剧情历史战争
",拯救大兵瑞恩,70,9.0
海豚的微笑，是世界上最高明的伪装。,285256人评价,"
导演:路易·西霍尤斯LouiePsihoyos   主演:RichardO'Barry/路易·西霍...
2009 / 美国 / 纪录片
",海豚湾,71,9.3
暗恋的极致。,650220人评价,"
导演:岩井俊二ShunjiIwai   主演:中山美穗MihoNakayama/丰川悦司Ets...
1995 / 日本 / 剧情爱情
",情书,72,8.9
去除成见，需要勇气。,1078177人评价,"
导演:彼得·法雷里PeterFarrelly   主演:维果·莫腾森ViggoMortensen/...
2018 / 美国 / 剧情喜剧传记
",绿皮书,73,8.9
尽管有些不切实际的幻想，这部电影依旧是一部感人肺腑的佳作。,353391人评价,"
导演:马克·赫尔曼MarkHerman   主演:阿萨·巴特菲尔德AsaButterfield...
2008 / 英国美国 / 剧情战争
",穿条纹睡衣的男孩,74,9.1
用音乐化解仇恨，让歌声串起美好。,425941人评价,"
导演:罗伯特·怀斯RobertWise   主演:朱莉·安德鲁斯JulieAndrews/克...
1965 / 美国 / 剧情传记爱情歌舞
",音乐之声,75,9.0
如果生活中有什么使你感到快乐，那就去做吧！不要管别人说什么。,273104人评价,"
导演:阿兰·葛斯彭纳AlainGsponer   主演:阿努克·斯特芬AnukSteffen/...
2015 / 德国瑞士南非 / 剧情冒险家庭
",海蒂和爷爷,76,9.2
往事如烟，无处祭奠。,300796人评价,"
导演:赛尔乔·莱翁内SergioLeone   主演:罗伯特·德尼罗RobertDeNiro...
1984 / 美国意大利 / 犯罪剧情
",美国往事,77,9.2
孪生蝙蝠侠大战克隆金刚狼。,607047人评价,"
导演:克里斯托弗·诺兰ChristopherNolan   主演:休·杰克曼HughJackman...
2006 / 英国美国 / 剧情悬疑惊悚
",致命魔术,78,8.9
故事的高级讲法。,599815人评价,"
导演:昆汀·塔伦蒂诺QuentinTarantino   主演:约翰·特拉沃尔塔JohnTra...
1994 / 美国 / 剧情喜剧犯罪
",低俗小说,79,8.8
警察抓小偷，老鼠玩死猫。,702516人评价,"
导演:大卫·芬奇DavidFincher   主演:摩根·弗里曼MorganFreeman/布...
1995 / 美国 / 剧情犯罪悬疑惊悚
",七宗罪,80,8.8
安东尼·霍普金斯的顶级表演。,600452人评价,"
导演:乔纳森·戴米JonathanDemme   主演:朱迪·福斯特JodieFoster/安...
1991 / 美国 / 剧情犯罪惊悚
",沉默的羔羊,81,8.8
人的命运被自己瞬间的抉择改变。,666553人评价,"
导演:埃里克·布雷斯EricBress/J·麦基·格鲁伯J.MackyeGruber   主...
2004 / 美国加拿大 / 剧情悬疑科幻惊悚
",蝴蝶效应,82,8.8
昔日翩翩少年，今日大腹便便。,668828人评价,"
导演:MartinScorsese   主演:莱昂纳多·迪卡普里奥LeonardoDiCaprio/...
2010 / 美国 / 剧情悬疑惊悚
",禁闭岛,83,8.8
爱情纠缠，男女一致。,450354人评价,"
导演:王家卫KarWaiWong   主演:张国荣LeslieCheung/梁朝伟TonyLeu...
1997 / 中国香港日本韩国 / 剧情爱情同性
",春光乍泄,84,8.9
人生中应该拥有这样的一段豁然开朗。,498027人评价,"
导演:格斯·范·桑特GusVanSant   主演:马特·达蒙MattDamon/罗宾·...
1997 / 美国 / 剧情
",心灵捕手,85,8.9
小清新的故事里注入了大历史的情怀。,631941人评价,"
导演:韦斯·安德森WesAnderson   主演:拉尔夫·费因斯RalphFiennes/...
2014 / 美国德国英国 / 剧情喜剧冒险
",布达佩斯大饭店,86,8.8
以戏谑来戏谑戏谑。,537161人评价,"
导演:中岛哲也TetsuyaNakashima   主演:中谷美纪MikiNakatani/瑛太E...
2006 / 日本 / 剧情歌舞
",被嫌弃的松子的一生,87,8.9
绝对意义上的美轮美奂。,953031人评价,"
导演:詹姆斯·卡梅隆JamesCameron   主演:萨姆·沃辛顿SamWorthington...
2009 / 美国英国 / 动作科幻冒险
",阿凡达,88,8.7
大时代中的人生，小人物的悲喜。,198794人评价,"
导演:查理·卓别林CharlesChaplin   主演:查理·卓别林CharlesChaplin...
1936 / 美国 / 剧情喜剧爱情
",摩登时代,89,9.3
浪漫忧郁的成人童话。,806120人评价,"
导演:蒂姆·波顿TimBurton   主演:约翰尼·德普JohnnyDepp/薇诺娜·...
1990 / 美国 / 剧情奇幻爱情
",剪刀手爱德华,90,8.7
史诗大片的典范。,445066人评价,"
导演:梅尔·吉布森MelGibson   主演:梅尔·吉布森MelGibson/苏菲·玛...
1995 / 美国 / 动作传记剧情历史战争
",勇敢的心,91,8.9
法式小清新。 ,770324人评价,"
导演:让-皮埃尔·热内Jean-PierreJeunet   主演:奥黛丽·塔图AudreyTau...
2001 / 法国德国 / 喜剧爱情
",天使爱美丽,92,8.7
我是一个演员。,669203人评价,"
导演:周星驰StephenChow/李力持Lik-ChiLee   主演:周星驰StephenCh...
1999 / 中国香港 / 喜剧剧情爱情
",喜剧之王,93,8.7
最不可能的那个人永远是最可能的。,562700人评价,"
导演:詹姆斯·曼高德JamesMangold   主演:约翰·库萨克JohnCusack/雷...
2003 / 美国 / 剧情悬疑惊悚
",致命ID,94,8.8
约翰尼·德普的独角戏。,632916人评价,"
导演:戈尔·维宾斯基GoreVerbinski   主演:约翰尼·德普JohnnyDepp/...
2003 / 美国 / 动作冒险奇幻
",加勒比海盗,95,8.7
每个人心中都有一座断背山。,535766人评价,"
导演:李安AngLee   主演:希斯·莱杰HeathLedger/杰克·吉伦哈尔Jake...
2005 / 美国加拿大 / 剧情爱情同性家庭
",断背山,96,8.8
关于连环杀人悬案的集体回忆。,464615人评价,"
导演:奉俊昊Joon-hoBong   主演:宋康昊Kang-hoSong/金相庆Sang-kyun...
2003 / 韩国 / 剧情动作犯罪悬疑惊悚
",杀人回忆,97,8.8
人言可畏。,252863人评价,"
导演:托马斯·温特伯格ThomasVinterberg   主演:麦斯·米科尔森MadsMik...
2012 / 丹麦瑞典 / 剧情
",狩猎,98,9.1
10年的完美句点。,532861人评价,"
导演:大卫·叶茨DavidYates   主演:丹尼尔·雷德克里夫DanielRadcliffe...
2011 / 美国英国 / 奇幻冒险
",哈利·波特与死亡圣器(下),99,8.8
沉醉在电影的情感和视听氛围中无法自拔。,450954人评价,"
导演:卢卡·瓜达尼诺LucaGuadagnino   主演:艾米·汉莫ArmieHammer/...
2017 / 意大利法国巴西美国荷兰德国 / 剧情爱情同性
",请以你的名字呼唤我,100,8.9
人与自然的战争史诗。,393479人评价,"
导演:宫崎骏HayaoMiyazaki   主演:松田洋治YôjiMatsuda/石田百合...
1997 / 日本 / 动画奇幻冒险
",幽灵公主,101,8.9
一场华丽的意淫。,452133人评价,"
导演:姜文WenJiang   主演:夏雨YuXia/宁静JingNing/陶虹HongTao
1994 / 中国大陆中国香港 / 剧情爱情
",阳光灿烂的日子,102,8.8
那些静得只能听见呼吸的日子里，你明白孤独即生活。,298698人评价,"
导演:森淳一JunichiMori   主演:桥本爱AiHashimoto/三浦贵大Takahir...
2014 / 日本 / 剧情
",小森林 夏秋篇,103,9.0
死可能是一道门，逝去并不是终结，而是超越，走向下一程。,449262人评价,"
导演:泷田洋二郎YôjirôTakita   主演:本木雅弘MasahiroMotoki/...
2008 / 日本 / 剧情
",入殓师,104,8.8
寂寞没有期限。,571090人评价,"
导演:王家卫KarWaiWong   主演:林青霞BrigitteLin/金城武TakeshiK...
1994 / 中国香港 / 剧情爱情
",重庆森林,105,8.7
深入内心的恐怖，出人意料的结局。,389734人评价,"
导演:M·奈特·沙马兰M.NightShyamalan   主演:布鲁斯·威利斯BruceWi...
1999 / 美国 / 剧情悬疑惊悚
",第六感,106,8.9
《我是山姆》的《美丽人生》。,369448人评价,"
导演:李焕庆Hwan-kyeongLee   主演:柳承龙Seung-yongRyoo/朴信惠Shi...
2013 / 韩国 / 剧情喜剧家庭
",7号房的礼物,107,8.9
年度最佳date movie。,641258人评价,"
导演:大卫·芬奇DavidFincher   主演:本·阿弗莱克BenAffleck/罗莎蒙...
2014 / 美国 / 剧情犯罪悬疑惊悚
",消失的爱人,108,8.7
梦的勾结。,276490人评价,"
导演:今敏SatoshiKon   主演:林原惠美MegumiHayashibara/江守彻Toru...
2006 / 日本 / 动画悬疑科幻惊悚
",红辣椒,109,9.0
尊敬他人，尊敬你生活的这片土地，明白孤独是人生的常态。,263463人评价,"
导演:森淳一JunichiMori   主演:桥本爱AiHashimoto/三浦贵大Takahir...
2015 / 日本 / 剧情
",小森林 冬春篇,110,9.0
缘分是个连绵词，最美不过一瞬。,423508人评价,"
导演:理查德·林克莱特RichardLinklater   主演:伊桑·霍克EthanHawke...
1995 / 美国奥地利瑞士 / 剧情爱情
",爱在黎明破晓前,111,8.8
我们都曾经是一一。,252675人评价,"
导演:杨德昌EdwardYang   主演:吴念真/李凯莉KellyLee/金燕玲Elai...
2000 / 中国台湾日本 / 剧情爱情家庭
",一一,112,9.0
少女情怀总是诗。,326338人评价,"
导演:近藤喜文YoshifumiKondo   主演:本名阳子YoukoHonna/小林桂树K...
1995 / 日本 / 剧情爱情动画
",侧耳倾听,113,8.9
华太师是黄霑，吴镇宇四大才子之一。,724974人评价,"
导演:李力持Lik-ChiLee   主演:周星驰StephenChow/巩俐LiGong/陈...
1993 / 中国香港 / 喜剧爱情古装
",唐伯虎点秋香,114,8.6
你是我最好的朋友，你是我唯一的朋友 。,331780人评价,"
导演:亚当·艾略特AdamElliot   主演:托妮·科莱特ToniCollette/菲利...
2009 / 澳大利亚 / 剧情喜剧动画
",玛丽和马克思,115,8.9
穷尽一生，我们要学会的，不过是彼此拥抱。,331747人评价,"
导演:托尼·凯耶TonyKaye   主演:艾德里安·布洛迪AdrienBrody/马西...
2011 / 美国 / 剧情
",超脱,116,8.9
两张绝世的脸。 ,513724人评价,"
导演:程小东Siu-TungChing   主演:张国荣LeslieCheung/王祖贤JoeyW...
1987 / 中国香港 / 爱情奇幻武侠古装
",倩女幽魂,117,8.7
诺兰就是保证。,509951人评价,"
导演:克里斯托弗·诺兰ChristopherNolan   主演:克里斯蒂安·贝尔Christ...
2012 / 美国英国 / 剧情动作科幻犯罪惊悚
",蝙蝠侠：黑暗骑士崛起,118,8.8
没有一人完全善，也没有一人完全恶。,536192人评价,"
导演:中岛哲也TetsuyaNakashima   主演:松隆子TakakoMatsu/冈田将生...
2010 / 日本 / 剧情惊悚
",告白,119,8.7
抱着梦想而活着的人是幸福的，怀抱梦想而死去的人是不朽的。,421192人评价,"
导演:蒂姆·波顿TimBurton   主演:伊万·麦克格雷格EwanMcGregor/阿...
2003 / 美国 / 剧情家庭奇幻冒险
",大鱼,120,8.8
再多各自牛逼的时光，也比不上一起傻逼的岁月。 ,456694人评价,"
导演:姜炯哲Hyeong-CheolKang   主演:沈恩京Eun-kyungShim/闵孝琳Hy...
2011 / 韩国 / 剧情喜剧
",阳光姐妹淘,121,8.8
相逢只要一瞬间，等待却像是一辈子。,372201人评价,"
导演:陈可辛PeterChan   主演:黎明LeonLai/张曼玉MaggieCheung/...
1996 / 中国香港 / 剧情爱情
",甜蜜蜜,122,8.8
百看不厌。 ,468560人评价,"
导演:刘镇伟JeffreyLau   主演:梁朝伟TonyLeungChiuWai/林青霞Bri...
1993 / 中国香港 / 喜剧奇幻武侠古装
",射雕英雄传之东成西就,123,8.7
触不到的恋人。,351941人评价,"
导演:大森贵弘TakahiroOmori   主演:佐仓绫音AyaneSakura/内山昂辉K...
2011 / 日本 / 剧情爱情动画奇幻
",萤火之森,124,8.9
和谐的生活离不开摸头与被摸头。,545059人评价,"
导演:迪恩·德布洛斯DeanDeBlois/克里斯·桑德斯ChrisSanders   主演:...
2010 / 美国 / 动画奇幻冒险
",驯龙高手,125,8.7
我的平常生活就是他人的幸福。,193133人评价,"
导演:是枝裕和HirokazuKoreeda   主演:柳乐优弥YûyaYagira/北浦爱...
2004 / 日本 / 剧情
",无人知晓,126,9.1
Balalala~~~,705459人评价,"
导演:唐·霍尔DonHall/克里斯·威廉姆斯ChrisWilliams   主演:斯科特...
2014 / 美国 / 喜剧动作科幻动画冒险
",超能陆战队,127,8.7
有时候幸福需要等一等。 ,387272人评价,"
导演:史蒂文·斯皮尔伯格StevenSpielberg   主演:汤姆·汉克斯TomHanks...
2004 / 美国 / 喜剧剧情爱情
",幸福终点站,128,8.8
曾经的那段美好会沉淀为一辈子的记忆。,385749人评价,"
导演:米林宏昌HiromasaYonebayashi   主演:志田未来MiraiShida/神木...
2010 / 日本 / 动画奇幻冒险
",借东西的小人阿莉埃蒂,129,8.8
从没见过那么流氓的温柔，从没见过那么温柔的流氓。,365306人评价,"
导演:北野武TakeshiKitano   主演:北野武TakeshiKitano/关口雄介Yus...
1999 / 日本 / 剧情喜剧
",菊次郎的夏天,130,8.8
九年后的重逢是世俗和责任的交叠，没了悸动和青涩，沧桑而温暖。,359594人评价,"
导演:理查德·林克莱特RichardLinklater   主演:伊桑·霍克EthanHawke...
2004 / 美国法国 / 剧情爱情
",爱在日落黄昏时,131,8.8
恐怖分子的“秋菊打官司”。,449703人评价,"
导演:金秉祐Byeong-wooKim   主演:河正宇Jung-wooHa/李璟荣Kyeong-y...
2013 / 韩国 / 剧情犯罪悬疑
",恐怖直播,132,8.8
坏人的好总是比好人的好来得更感人。,180662人评价,"
导演:克林特·伊斯特伍德ClintEastwood   主演:凯文·科斯特纳KevinCos...
1993 / 美国 / 剧情犯罪
",完美的世界,133,9.1
Mr. I Don't Care其实也有Care的时候。,703488人评价,"
导演:皮艾尔·柯芬PierreCoffin/克里斯·雷纳德ChrisRenaud   主演:...
2010 / 美国法国 / 喜剧动画冒险
",神偷奶爸,134,8.6
不要给它起名字，起了名字就有感情了。,459865人评价,"
导演:彼特·道格特PeteDocter/大卫·斯沃曼DavidSilverman   主演:约...
2001 / 美国 / 儿童喜剧动画奇幻冒险
",怪兽电力公司,135,8.7
跨度十五年的欢乐与泪水。,356734人评价,"
导演:李·昂克里奇LeeUnkrich   主演:汤姆·汉克斯TomHanks/蒂姆·艾...
2010 / 美国 / 喜剧动画奇幻冒险
",玩具总动员3,136,8.8
警恶惩奸，维护世界和平这个任务就交给你了，好吗？,672451人评价,"
导演:周星驰StephenChow   主演:周星驰StephenChow/元秋QiuYuen/...
2004 / 中国大陆中国香港 / 动作喜剧犯罪奇幻
",功夫,137,8.6
土壤没有落叶不会肥沃，没有了你就不算人生。,94949人评价,"
导演:伏原健之KenshiFushihara   主演:津端修一ShûichiTsubata/津...
2017 / 日本 / 纪录片
",人生果实,138,9.5
优秀的战争片不会美化战场，不会粉饰死亡，不会矮化敌人，不会无视常识，最重要的，不会宣扬战争。,577598人评价,"
导演:梅尔·吉布森MelGibson   主演:安德鲁·加菲尔德AndrewGarfield/...
2016 / 美国澳大利亚 / 剧情传记历史战争
",血战钢锯岭,139,8.7
爱是摈弃傲慢与偏见之后的曙光。,546041人评价,"
导演:乔·怀特JoeWright   主演:凯拉·奈特莉KeiraKnightley/马修·...
2005 / 法国英国美国 / 剧情爱情
",傲慢与偏见,140,8.6
动画片的圣经。,280863人评价,"
导演:宫崎骏HayaoMiyazaki   主演:岛本须美SumiShimamoto/松田洋治Y...
1984 / 日本 / 动画奇幻冒险
",风之谷,141,8.9
把每天当作最后一天般珍惜度过，积极拥抱生活，就是幸福。,392928人评价,"
导演:理查德·柯蒂斯RichardCurtis   主演:多姆纳尔·格里森DomhnallGl...
2013 / 英国 / 喜剧爱情奇幻
",时空恋旅人,142,8.7
任何信念的力量，都无法改变命运。,246242人评价,"
导演:弗朗西斯·福特·科波拉FrancisFordCoppola   主演:阿尔·帕西诺A...
1990 / 美国 / 剧情犯罪
",教父3,143,8.9
被上帝抛弃了的上帝之城。,230218人评价,"
导演:费尔南多·梅里尔斯FernandoMeirelles/卡迪亚·兰德KátiaLund  &nbsp...
2002 / 巴西法国 / 犯罪剧情
",上帝之城,144,8.9
传奇的年代，醉人的童话。,146466人评价,"
导演:王树忱ShuchenWang/钱运达YundaQian   主演:丁建华JianhuaDin...
1983(中国大陆) / 中国大陆 / 动画奇幻
",天书奇谭,145,9.2
真相就在眼前。,356548人评价,"
导演:詹姆斯·温JamesWan   主演:雷·沃纳尔LeighWhannell/加利·艾...
2004 / 美国 / 悬疑惊悚恐怖
",电锯惊魂,146,8.7
中国家庭的喜怒哀乐忍。,240150人评价,"
导演:李安AngLee   主演:赵文瑄WinstonChao/郎雄SihungLung/归亚...
1993 / 中国台湾美国 / 剧情喜剧爱情同性家庭
",喜宴,147,8.9
英雄泪短，兄弟情长。 ,358341人评价,"
导演:吴宇森JohnWoo   主演:周润发Yun-FatChow/狄龙LungTi/张国...
1986 / 中国香港 / 剧情动作犯罪
",英雄本色,148,8.7
热血沸腾，那个低俗、性感的无耻混蛋又来了。,437239人评价,"
导演:昆汀·塔伦蒂诺QuentinTarantino   主演:杰米·福克斯JamieFoxx/...
2012 / 美国 / 剧情动作西部冒险
",被解救的姜戈,149,8.7
像吃了苏打饼一样干脆的电影。,308175人评价,"
导演:保罗·格林格拉斯PaulGreengrass   主演:马特·达蒙MattDamon/...
2007 / 美国德国 / 动作悬疑惊悚
",谍影重重3,150,8.8
时代悲歌。,134113人评价,"
导演:黑泽明AkiraKurosawa   主演:三船敏郎ToshirôMifune/志村乔...
1954 / 日本 / 动作冒险剧情
",七武士,151,9.2
岁月流逝，来日可追。,458014人评价,"
导演:罗启锐AlexLaw   主演:吴君如SandraNg/任达华SimonYam/钟绍...
2010 / 中国香港中国大陆 / 剧情家庭
",岁月神偷,152,8.7
想你时你在闹海。,174805人评价,"
导演:严定宪DingxianYan/王树忱ShuchenWang   主演:梁正晖Zhenghui...
1979 / 中国大陆 / 冒险动画奇幻
",哪吒闹海,153,9.1
爱并不需要智商 。,214986人评价,"
导演:杰茜·尼尔森JessieNelson   主演:SeanPenn/DakotaFanning/Mi...
2001 / 美国 / 剧情家庭
",我是山姆,154,8.9
写给影迷，动漫迷和游戏迷的一封情书。,1013450人评价,"
导演:史蒂文·斯皮尔伯格StevenSpielberg   主演:泰伊·谢里丹TyeSheri...
2018 / 美国 / 动作科幻冒险
",头号玩家,155,8.7
揭露人性的丧尸题材力作。,801663人评价,"
导演:延尚昊Sang-hoYeon   主演:孔侑YooGong/郑有美Yu-miJung/马...
2016 / 韩国 / 动作惊悚灾难
",釜山行,156,8.5
老少皆宜，这就是好莱坞动画的魅力。,619715人评价,"
导演:科克·德·米科KirkDeMicco/克里斯·桑德斯ChrisSanders   主演...
2013 / 美国 / 喜剧动画冒险
",疯狂原始人,157,8.7
香港浪漫主义警匪动作片的巅峰之作。,289560人评价,"
导演:吴宇森JohnWoo   主演:周润发Yun-FatChow/张国荣LeslieCheung...
1991 / 中国香港 / 剧情喜剧动作犯罪
",纵横四海,158,8.8
怼天怼地，你走后，她与世界为敌。,605471人评价,"
导演:马丁·麦克唐纳MartinMcDonagh   主演:弗兰西斯·麦克多蒙德France...
2017 / 美国英国 / 剧情犯罪
",三块广告牌,159,8.7
荒诞讽刺，千奇百巧，抽丝剥茧，百转千回。,349017人评价,"
导演:忻钰坤YukunXin   主演:霍卫民WeiminHuo/王笑天XiaotianWang...
2014 / 中国大陆 / 剧情犯罪悬疑
",心迷宫,160,8.7
Jared Leto的腿比女人还美！,323739人评价,"
导演:让-马克·瓦雷Jean-MarcVallée   主演:马修·麦康纳MatthewMcCon...
2013 / 美国 / 剧情传记同性
",达拉斯买家俱乐部,161,8.8
幸福是生生不息，却难以触及的远。 ,320424人评价,"
导演:高畑勋IsaoTakahata   主演:辰己努/白石绫乃/志乃原良子
1988 / 日本 / 动画剧情战争
",萤火虫之墓,162,8.7
不一样的导演，不一样的哈利·波特。,394579人评价,"
导演:AlfonsoCuarón   主演:丹尼尔·雷德克里夫DanielRadcliffe/Emma...
2004 / 英国美国 / 奇幻冒险
",哈利·波特与阿兹卡班的囚徒,163,8.7
爱，是个动词。,523306人评价,"
导演:理查德·柯蒂斯RichardCurtis   主演:休·格兰特HughGrant/柯林...
2003 / 英国美国法国 / 喜剧剧情爱情
",真爱至上,164,8.6
始于荒诞，止于更荒诞。,298563人评价,"
导演:达米安·斯兹弗隆DamiánSzifron   主演:达里奥·葛兰帝内提Darío...
2014 / 阿根廷西班牙 / 剧情喜剧犯罪
",荒蛮故事,165,8.8
上帝之城+猜火车+阿甘正传+开心辞典=山寨富翁,572675人评价,"
导演:丹尼·鲍尔DannyBoyle/洛芙琳·坦丹LoveleenTandan   主演:戴夫...
2008 / 英国美国 / 剧情爱情
",贫民窟的百万富翁,166,8.6
电影诗。,435081人评价,"
导演:王家卫KarWaiWong   主演:张国荣LeslieCheung/林青霞Brigitte...
1994 / 中国香港中国台湾 / 剧情动作爱情武侠古装
",东邪西毒,167,8.6
穿越错位的时空，仰望陨落的星辰，你没留下你的名字，我却无法忘记那句“我爱你”。,982491人评价,"
导演:新海诚MakotoShinkai   主演:神木隆之介RyûnosukeKamiki/上...
2016 / 日本 / 剧情爱情动画
",你的名字。,168,8.4
一个针管引发的血案。,440242人评价,"
导演:克里斯托弗·诺兰ChristopherNolan   主演:盖·皮尔斯GuyPearce/...
2000 / 美国 / 犯罪剧情悬疑惊悚
",记忆碎片,169,8.6
当这个世界闭上双眼，他却敞开了怀抱。,209618人评价,"
导演:特瑞·乔治TerryGeorge   主演:唐·钱德尔DonCheadle/苏菲·奥...
2004 / 英国南非意大利 / 剧情历史战争
",卢旺达饭店,170,8.9
这个世界从不善待努力的人，努力了也不一定会成功，但是知道自己在努力，就是活下去的动力。,397171人评价,"
导演:达米恩·查泽雷DamienChazelle   主演:迈尔斯·特勒MilesTeller/...
2014 / 美国 / 剧情音乐
",爆裂鼓手,171,8.7
偷情本没有这样美。,406233人评价,"
导演:王家卫KarWaiWong   主演:梁朝伟TonyLeungChiuWai/张曼玉Ma...
2000 / 中国香港 / 剧情爱情
",花样年华,172,8.6
黑暗之美。,633651人评价,"
导演:达伦·阿罗诺夫斯基DarrenAronofsky   主演:娜塔莉·波特曼Natalie...
2010 / 美国 / 剧情惊悚
",黑天鹅,173,8.6
养狗三日，便会对你终其一生。,131840人评价,"
导演:SeijirôKôyama   主演:山本圭KeiYamamoto/井川比佐志Hisa...
1987 / 日本 / 剧情
",忠犬八公物语,174,9.2
不得不说，《黑客帝国》系列是商业片与科幻、哲学完美结合的典范。,297621人评价,"
导演:AndyWachowski/LarryWachowski   主演:基努·里维斯KeanuReeves...
2003 / 美国澳大利亚 / 动作科幻
",黑客帝国3：矩阵革命,175,8.7
他给机器起名“克里斯托弗”，因为这是他初恋的名字。,433144人评价,"
导演:莫滕·泰杜姆MortenTyldum   主演:本尼迪克特·康伯巴奇BenedictC...
2014 / 英国美国 / 剧情传记战争同性
",模仿游戏,176,8.7
惠及一生的美丽。,261587人评价,"
导演:汉内斯·赫尔姆HannesHolm   主演:罗夫·拉斯加德RolfLassgård...
2015 / 瑞典 / 剧情
",一个叫欧维的男人决定去死,177,8.8
愿我们都不用长大，每一座城堡都能永远存在。,418024人评价,"
导演:彼特·道格特PeteDocter/罗纳尔多·德尔·卡门RonaldoDelCarmen  &nb...
2015 / 美国 / 喜剧动画冒险
",头脑特工队,178,8.7
魔法的密室之门已打开...,413635人评价,"
导演:ChrisColumbus   主演:丹尼尔·雷德克里夫DanielRadcliffe/艾玛...
2002 / 美国英国德国 / 奇幻冒险
",哈利·波特与密室,179,8.6
感情不分食草或者食肉。,247357人评价,"
导演:藤森雅也MasayaFujimori   主演:山口胜平KappeiYamaguchi/爱河...
2010 / 日本 / 剧情动画儿童
",你看起来好像很好吃,180,8.9
生活在自己的世界里，也可以让周围的人显得可笑和渺小。,308359人评价,"
导演:巴瑞·莱文森BarryLevinson   主演:达斯汀·霍夫曼DustinHoffman...
1988 / 美国 / 剧情
",雨人,181,8.7
好的剧本是，就算你猜到了结局也猜不到全部。,187299人评价,"
导演:今敏SatoshiKon   主演:岩男润子JunkoIwao/松本梨香RicaMatsu...
1997 / 日本 / 动画奇幻惊悚
",未麻的部屋,182,8.9
迪士尼和皮克斯拿错剧本的产物。,381032人评价,"
导演:瑞奇·莫尔RichMoore   主演:约翰·C·赖利JohnC.Reilly/萨拉...
2012 / 美国 / 喜剧动画奇幻冒险
",无敌破坏王,183,8.7
要做就做得狠一点，这样才能活下去。,232783人评价,"
导演:朴勋政Hoon-jungPark   主演:李政宰Jung-JaeLee/崔岷植Min-sik...
2013 / 韩国 / 剧情犯罪
",新世界,184,8.8
松鼠才是角儿。,456953人评价,"
导演:卡洛斯·沙尔丹哈CarlosSaldanha/克里斯·韦奇ChrisWedge   主演...
2002 / 美国 / 喜剧动画冒险
",冰川时代,185,8.6
爱情没有那么多借口，如果不能圆满，只能说明爱的不够。 ,474597人评价,"
导演:尼克·卡索维茨NickCassavetes   主演:瑞恩·高斯林RyanGosling/...
2004 / 美国 / 剧情爱情
",恋恋笔记本,186,8.5
是枝裕和的家庭习作。,281352人评价,"
导演:是枝裕和HirokazuKoreeda   主演:绫濑遥HarukaAyase/长泽雅美M...
2015 / 日本 / 剧情家庭
",海街日记,187,8.8
有一些东西不应该被遗忘。,213494人评价,"
导演:郭柯KeGuo   主演:
2015 / 中国大陆 / 纪录片
",二十二,188,8.7
我们都有权利不与自己的过去和解。,353503人评价,"
导演:肯尼斯·罗纳根KennethLonergan   主演:卡西·阿弗莱克CaseyAffle...
2016 / 美国 / 剧情家庭
",海边的曼彻斯特,189,8.6
故事的反转与反转，分裂电影的始祖。,165087人评价,"
导演:阿尔弗雷德·希区柯克AlfredHitchcock   主演:安东尼·博金斯Antho...
1960 / 美国 / 悬疑惊悚恐怖
",惊魂记,190,9.0
被偷走的岁月，被伤害的生命，被禁锢的灵魂，终将被希望和善意救赎。,286793人评价,"
导演:伦尼·阿伯拉罕森LennyAbrahamson   主演:布丽·拉尔森BrieLarson...
2015 / 爱尔兰加拿大英国美国 / 剧情家庭
",房间,191,8.8
永远看不腻的喜剧。,169989人评价,"
导演:杰拉尔·乌里GérardOury   主演:路易·德·菲耐斯LouisdeFunès...
1966 / 法国英国 / 喜剧战争
",虎口脱险,192,8.9
不要企图在重复中寻找已经失去的爱。,566322人评价,"
导演:克里斯托弗·史密斯ChristopherSmith   主演:梅利莎·乔治Melissa...
2009 / 英国澳大利亚 / 剧情悬疑惊悚
",恐怖游轮,193,8.5
世界不完美，爱会有奇迹。,415393人评价,"
导演:斯蒂芬·卓博斯基StephenChbosky   主演:雅各布·特伦布莱JacobTr...
2017 / 美国中国香港 / 剧情儿童家庭
",奇迹男孩,194,8.6
宫崎骏的电影总让人感觉世界是美好的，阳光明媚的。,335481人评价,"
导演:宫崎骏HayaoMiyazaki   主演:高山南MinamiTakayama/佐久间玲Re...
1989 / 日本 / 动画奇幻冒险
",魔女宅急便,195,8.6
对爱的执着，可以超越一切。,315573人评价,"
导演:史蒂文·斯皮尔伯格StevenSpielberg   主演:海利·乔·奥斯蒙Haley...
2001 / 美国 / 剧情科幻
",人工智能,196,8.6
骨灰级歌舞片。,147841人评价,"
导演:斯坦利·多南StanleyDonen/吉恩·凯利GeneKelly   主演:吉恩·...
1952 / 美国 / 喜剧歌舞爱情
",雨中曲,197,9.0
中国版《两杆大烟枪》。,573379人评价,"
导演:宁浩HaoNing   主演:郭涛TaoGuo/刘桦HuaLiu/连晋TeddyLin
2006 / 中国大陆中国香港 / 喜剧犯罪
",疯狂的石头,198,8.5
我们组成了家。,585689人评价,"
导演:是枝裕和HirokazuKoreeda   主演:中川雅也LilyFranky/安藤樱Sa...
2018 / 日本 / 剧情犯罪家庭
",小偷家族,199,8.7
所谓爱情，就是话唠一路，都不会心生腻烦，彼此嫌弃。,229233人评价,"
导演:理查德·林克莱特RichardLinklater   主演:伊桑·霍克EthanHawke...
2013 / 美国希腊 / 剧情爱情
",爱在午夜降临前,200,8.8
天使暂时离开。,197440人评价,"
导演:FrankDarabont   主演:汤姆·汉克斯TomHanks/大卫·摩斯DavidM...
1999 / 美国 / 犯罪剧情奇幻悬疑
",绿里奇迹,201,8.8
人生的N种可能性。,219071人评价,"
导演:黑泽明AkiraKurosawa   主演:三船敏郎ToshirôMifune/京町子...
1950 / 日本 / 剧情犯罪悬疑
",罗生门,202,8.8
少见的超越首部的续集，动作片中的经典。,252529人评价,"
导演:詹姆斯·卡梅隆JamesCameron   主演:阿诺·施瓦辛格ArnoldSchwarz...
1991 / 美国法国 / 动作科幻
",终结者2：审判日,203,8.7
大海啊，不全是水。,130124人评价,"
导演:雅克·贝汉JacquesPerrin/雅克·克鲁奥德JacquesCluzaud   主演:...
2009 / 法国瑞士西班牙美国阿联酋 / 纪录片
",海洋,204,9.1
黑小鸭速效美白记。,762105人评价,"
导演:普特鹏·普罗萨卡·那·萨克那卡林PuttipongPromsakaNaSakolnakorn/华森·波克彭...
2010 / 泰国 / 剧情喜剧爱情
",初恋这件小事,205,8.4
中国式内在的美国电影。,199601人评价,"
导演:茂文·勒鲁瓦MervynLeRoy   主演:费雯·丽VivienLeigh/罗伯特·...
1940 / 美国 / 剧情爱情战争
",魂断蓝桥,206,8.8
传奇，不是每个人都可以拥有。,214592人评价,"
导演:爱德华·兹威克EdwardZwick   主演:布拉德·皮特BradPitt/安东...
1994 / 美国 / 剧情爱情战争西部
",燃情岁月,207,8.8
坚硬的信仰。,209295人评价,"
导演:陆川ChuanLu   主演:多布杰Duobujie/张磊LeiZhang/亓亮QiL...
2004 / 中国大陆中国香港 / 剧情犯罪
",可可西里,208,8.8
现代科幻电影的开山之作，最伟大导演的最伟大影片。,200446人评价,"
导演:斯坦利·库布里克StanleyKubrick   主演:凯尔·杜拉KeirDullea/...
1968 / 英国美国 / 科幻惊悚冒险
",2001太空漫游,209,8.8
爱上未来的你。 ,295176人评价,"
导演:细田守MamoruHosoda   主演:仲里依纱RiisaNaka/石田卓也Takuya...
2006 / 日本 / 剧情爱情科幻动画
",穿越时空的少女,210,8.6
弱者送给弱者的一刀。,184107人评价,"
导演:杨德昌EdwardYang   主演:张震ChenChang/杨静怡LisaYang/张...
1991 / 中国台湾 / 剧情犯罪
",牯岭街少年杀人事件,211,8.8
永远的小人物，伟大的卓别林。,89177人评价,"
导演:CharlesChaplin   主演:查理·卓别林CharlesChaplin/弗吉尼亚·...
1931 / 美国 / 喜剧剧情爱情
",城市之光,212,9.3
来啊，互相伤害啊！,402015人评价,"
导演:保罗·格诺维瑟PaoloGenovese   主演:马可·贾利尼MarcoGiallini...
2016 / 意大利 / 剧情喜剧
",完美陌生人,213,8.5
昆汀同学越来越变态了，比北野武还杜琪峰。,352397人评价,"
导演:QuentinTarantino   主演:布拉德·皮特BradPitt/梅拉尼·罗兰M...
2009 / 德国美国 / 剧情犯罪
",无耻混蛋,214,8.6
嬉笑怒骂，调风动月。,317260人评价,"
导演:李惠民RaymondLee   主演:张曼玉MaggieCheung/林青霞Brigitte...
1992 / 中国香港中国大陆 / 动作爱情武侠古装
",新龙门客栈,215,8.6
邓肯·琼斯继《月球》之后再度奉献出一部精彩绝伦的科幻佳作。,604928人评价,"
导演:邓肯·琼斯DuncanJones   主演:杰克·吉伦哈尔JakeGyllenhaal/...
2011 / 美国加拿大 / 科幻悬疑惊悚
",源代码,216,8.4
王家卫是一种风格，张国荣是一个代表。,359365人评价,"
导演:王家卫KarWaiWong   主演:张国荣LeslieCheung/张曼玉MaggieC...
1990 / 中国香港 / 犯罪剧情爱情
",阿飞正传,217,8.5
人生如此，浮生如斯。谁人言，花彼岸，此生情长意短。谁都是不懂爱的罢了。,367141人评价,"
导演:徐克HarkTsui   主演:张曼玉MaggieCheung/王祖贤JoeyWang/...
1993 / 中国香港中国大陆 / 剧情爱情奇幻古装
",青蛇,218,8.5
假戏真情，爱欲深海,483359人评价,"
导演:李安AngLee   主演:梁朝伟TonyLeungChiuWai/汤唯WeiTang/...
2007 / 中国台湾中国大陆美国中国香港 / 剧情爱情情色
",色，戒,219,8.5
一个单凭体香达到高潮的男人。,419437人评价,"
导演:汤姆·提克威TomTykwer   主演:本·卫肖BenWhishaw/艾伦·瑞克...
2006 / 德国法国西班牙美国 / 剧情犯罪奇幻
",香水,220,8.5
谁说王家卫镜头很晃？,260263人评价,"
导演:保罗·格林格拉斯PaulGreengrass   主演:马特·达蒙MattDamon/...
2004 / 美国德国 / 动作悬疑惊悚
",谍影重重2,221,8.7
用剩余不多的时间，去燃烧整个生命。,265808人评价,"
导演:罗伯·莱纳RobReiner   主演:杰克·尼科尔森JackNicholson/摩根...
2007 / 美国 / 冒险喜剧剧情
",遗愿清单,222,8.6
天使保护事件始末。,150004人评价,"
导演:阿米尔·汗AamirKhan   主演:达席尔·萨法瑞DarsheelSafary/阿...
2007 / 印度 / 剧情儿童家庭
",地球上的星星,223,8.9
每个美丽事物背后都是滴血的现实。,254161人评价,"
导演:爱德华·兹威克EdwardZwick   主演:莱昂纳多·迪卡普里奥Leonardo...
2006 / 美国德国 / 剧情惊悚冒险
",血钻,224,8.7
做一颗让别人需要你的棋子。,261323人评价,"
导演:安德鲁·尼科尔AndrewNiccol   主演:尼古拉斯·凯奇NicolasCage/...
2005 / 美国法国 / 剧情犯罪
",战争之王,225,8.6
哗啦啦啦啦，天在下雨，哗啦啦啦啦，云在哭泣……找自己。,310990人评价,"
导演:道格·里曼DougLiman   主演:马特·达蒙MattDamon/弗兰卡·波坦...
2002 / 美国德国捷克 / 动作悬疑惊悚
",谍影重重,226,8.6
人们可以登上月球，却永远无法探索人们内心的宇宙。,273343人评价,"
导演:黄信尧Hsin-yaoHuang   主演:庄益增YizengZhuang/陈竹昇Chu-sh...
2017 / 中国台湾 / 剧情喜剧犯罪
",大佛普拉斯,227,8.7
不可猜的青春迷笛。 ,339102人评价,"
导演:丹尼·博伊尔DannyBoyle   主演:伊万·麦克格雷格EwanMcGregor/...
1996 / 英国 / 剧情犯罪
",猜火车,228,8.5
“多么美好的一天！”轰轰轰砰咚，啪哒哒哒轰隆隆，磅~,368229人评价,"
导演:乔治·米勒GeorgeMiller   主演:汤姆·哈迪TomHardy/查理兹·塞...
2015 / 澳大利亚美国 / 动作科幻冒险
",疯狂的麦克斯4：狂暴之路,229,8.6
小成本大魅力。,360425人评价,"
导演:詹姆斯·沃德·布柯特JamesWardByrkit   主演:艾米丽·芭尔多尼Em...
2013 / 美国英国 / 科幻悬疑惊悚
",彗星来的那一夜,230,8.5
日本的家庭电影已经是世界巅峰了，步履不停是巅峰中的佳作。,181111人评价,"
导演:是枝裕和HirokazuKoreeda   主演:阿部宽HiroshiAbe/夏川结衣Yu...
2008 / 日本 / 剧情家庭
",步履不停,231,8.8
当爱情跨越年龄的界限，它似乎能变得更久远一点，成为一种责任，一种水到渠成的相濡以沫。 ,370164人评价,"
导演:史蒂芬·戴德利StephenDaldry   主演:凯特·温丝莱特KateWinslet...
2008 / 美国德国 / 剧情爱情
",朗读者,232,8.6
世界离独裁只有五天。,203621人评价,"
导演:丹尼斯·甘塞尔DennisGansel   主演:尤尔根·沃格尔JürgenVogel...
2008 / 德国 / 剧情惊悚
",浪潮,233,8.7
宝莱坞的萝莉与大叔。,355403人评价,"
导演:卡比尔·汗KabirKhan   主演:萨尔曼·汗SalmanKhan/哈莎莉·马...
2015 / 印度 / 剧情喜剧动作
",小萝莉的猴神大叔,234,8.4
爱我就给我看你的播放列表。,303457人评价,"
导演:约翰·卡尼JohnCarney   主演:凯拉·奈特莉KeiraKnightley/马克...
2013 / 美国 / 喜剧爱情音乐
",再次出发之纽约遇见你,235,8.5
,381344人评价,"
导演:王晶JingWong   主演:周星驰StephenChow/吴孟达ManTatNg/...
1994 / 中国香港 / 喜剧古装
",九品芝麻官,236,8.5
过去的如果就让它过去了，未来只会越来越糟！,662188人评价,"
导演:周申ShenZhou/刘露LuLiu   主演:任素汐SuxiRen/大力DaLi...
2016 / 中国大陆 / 剧情喜剧
",驴得水,237,8.3
东京那么大，如果有一天走失了，恐怕一辈子不能再相见。,91319人评价,"
导演:小津安二郎YasujirôOzu   主演:笠智众ChishûRyû/原节...
1953 / 日本 / 剧情家庭
",东京物语,238,9.2
新闻人的理性求真。,208864人评价,"
导演:托马斯·麦卡锡ThomasMcCarthy   主演:马克·鲁弗洛MarkRuffalo/...
2015 / 美国 / 剧情传记
",聚焦,239,8.8
,350762人评价,"
导演:MikeNewell   主演:DanielRadcliffe/EmmaWatson/RupertGrint
2005 / 英国美国 / 奇幻冒险
",哈利·波特与火焰杯,240,8.5
诺兰的牛逼来源于内心散发出的恐惧。,131950人评价,"
导演:克里斯托弗·诺兰ChristopherNolan   主演:杰里米·西奥伯德Jeremy...
1998 / 英国 / 犯罪悬疑惊悚
",追随,241,8.9
只有有信仰的人才能说出事实真相。,196347人评价,"
导演:阿斯哈·法哈蒂AsgharFarhadi   主演:佩曼·莫阿迪PeymanMoadi/...
2011 / 伊朗法国 / 剧情家庭
",一次别离,242,8.7
一部能引人思考的科幻励志片。,174214人评价,"
导演:安德鲁·尼科尔AndrewNiccol   主演:伊桑·霍克EthanHawke/乌玛...
1997 / 美国 / 剧情科幻惊悚
",千钧一发,243,8.8
你要相信，这世上真的有爱存在，不管在什么年纪 ,110190人评价,"
导演:秋昌民Chang-minChoo   主演:宋在河Jae-hoSong/李顺载Soon-jae...
2011 / 韩国 / 剧情爱情
",我爱你,244,9.0
还原真实而残酷的战争。,209655人评价,"
导演:雷德利·斯科特RidleyScott   主演:乔什·哈奈特JoshHartnett/...
2001 / 美国 / 动作历史战争
",黑鹰坠落,245,8.7
,408545人评价,"
导演:布莱恩·辛格BryanSinger   主演:拉米·马雷克RamiMalek/本·哈...
2018 / 英国美国 / 剧情传记同性音乐
",波西米亚狂想曲,246,8.7
,381778人评价,"
导演:阿尼什·查甘蒂AneeshChaganty   主演:约翰·赵JohnCho/米切尔...
2018 / 美国俄罗斯 / 剧情犯罪悬疑惊悚
",网络谜踪,247,8.6
来也匆匆去也匆匆，就这样风雨兼程。,118452人评价,"
导演:陆庆屹LuQingYi   主演:陆运坤YunkunLu/李桂贤GuixianLi/...
2017 / 中国大陆 / 纪录片家庭
",四个春天,248,8.9
我完全康复了。,280371人评价,"
导演:StanleyKubrick   主演:MalcolmMcDowell/PatrickMagee/Michael...
1971 / 英国美国 / 犯罪剧情科幻
",发条橙,249,8.6
生病的E.T.皮肤的颜色就像柿子饼。,259392人评价,"
导演:史蒂文·斯皮尔伯格StevenSpielberg   主演:亨利·托马斯HenryTho...
1982 / 美国 / 剧情科幻
",E.T. 外星人,250,8.6
